Year established,List of subsites,notes,name,alternative_name,type,alpha_code,states,website,diacritics,longitude,latitude,location_source
,,,Abraham Lincoln Birthplace National Historical Park,,National Historical Park,ABLI,Kentucky,https://www.nps.gov/abli/index.htm,N,-85.6444,37.61198,park centerpoint
,,,Acadia National Park,,National Park,ACAD,Maine,https://www.nps.gov/acad/index.htm,N,-68.2815,44.31641,park centerpoint
,,visitors center,Adams National Historical Park,,National Historical Park,ADAM,Massachusetts,https://www.nps.gov/adam/index.htm,N,-71.0125,42.2566,park centerpoint
,,"""The African American Civil War Memorial is a self-guided experience. For in depth information, consult the on-site interpretive wayside panel or contact a park ranger at 202.426.6841.""",African American Civil War Memorial,,National Memorial,AFAM,District of Columbia,https://www.nps.gov/afam/index.htm,N,-77.0258,38.92,park centerpoint
,,,African Burial Ground National Monument,,National Monument,AFBG,New York,https://www.nps.gov/afbg/index.htm,N,-74.0043,40.71456,park centerpoint
,,,Agate Fossil Beds National Monument,,National Monument,AGFO,Nebraska,https://www.nps.gov/agfo/index.htm,N,-103.744,42.42148,park centerpoint
,,,Ala Kahakai National Historic Trail,,National Historic Trail,ALKA,Hawai'i,https://www.nps.gov/alka/index.htm,N,-155.904,19.40283,park centerpoint
,,,Alagnak Wild River,,National River,ALAG,Alaska,https://www.nps.gov/alag/index.htm,N,-156.082,59.00307,park centerpoint
,,,Alaska Public Lands,,Other,ANCH,Alaska,https://www.nps.gov/anch/index.htm,N,-149.895,61.22,park centerpoint
,,,Alcatraz Island,,National Historic Site,ALCA,California,https://www.nps.gov/alca/index.htm,N,-122.423,37.83,park centerpoint
,,,Aleutian Islands World War II National Historic Area,Aleutian World War II National Historic Area,Affliated Area,ALEU,Alaska,https://www.nps.gov/aleu/index.htm,N,-166.518,53.92,park centerpoint
,,,Alibates Flint Quarries National Monument,,National Monument,ALFL,Texas,https://www.nps.gov/alfl/index.htm,N,-101.672,35.58196,park centerpoint
,,,Allegheny Portage Railroad National Historic Site,,National Historic Site,ALPO,Pennsylvania,https://www.nps.gov/alpo/index.htm,N,-78.532,40.44667,park centerpoint
,,,Amache National Historic Site,,National Historic Site,AMCH,Colorado,https://www.nps.gov/amch/index.htm,N,-102.329,38.04812,park centerpoint
,,,American Memorial Park,,Affliated Area,AMME,Northern Mariana Islands,https://www.nps.gov/amme/index.htm,N,145.724,15.21502,park centerpoint
,,,Amistad National Recreation Area,,National Recreation Area,AMIS,Texas,https://www.nps.gov/amis/index.htm,N,-101.081,29.4775,park centerpoint
,,Operates more as DC neighborhood park.,Anacostia Park,,Other,ANAC,District of Columbia,https://www.nps.gov/anac/index.htm,N,-76.9965,38.87,park centerpoint
,,,Andersonville National Historic Site,,National Historic Site,ANDE,Georgia,https://www.nps.gov/ande/index.htm,N,-84.1299,32.19831,park centerpoint
,,,Andrew Johnson National Historic Site,,National Historic Site,ANJO,Tennessee,https://www.nps.gov/anjo/index.htm,N,-82.8381,36.15537,park centerpoint
,,,Aniakchak National Monument & Preserve,Aniakchak National Monument and Preserve,National Monument|National Preserve,ANIA,Alaska,https://www.nps.gov/ania/index.htm,N,-157.928,56.86,park centerpoint
,,,Antietam National Battlefield,,National Battlefield,ANTI,Maryland,https://www.nps.gov/anti/index.htm,N,-77.7381,39.47018,park centerpoint
,,,Apostle Islands National Lakeshore,,National Lakeshore,APIS,Wisconsin,https://www.nps.gov/apis/index.htm,N,-90.5796,46.93673,park centerpoint
,,,Appalachian National Scenic Trail,,National Scenic Trail,APPA,Tennessee|Virginia|New York|New Hampshire|Massachusetts|Maryland|Connecticut|New Jersey|Maine|Georgia|Vermont|Pennsylvania|North Carolina|West Virginia,https://www.nps.gov/appa/index.htm,N,-82.4748,35.98411,park centerpoint
,,,Appomattox Court House National Historical Park,,National Historical Park,APCO,Virginia,https://www.nps.gov/apco/index.htm,N,-78.8009,37.38276,park centerpoint
,,,Arches National Park,,National Park,ARCH,Utah,https://www.nps.gov/arch/index.htm,N,-109.586,38.72262,park centerpoint
,,,Arkansas Post National Memorial,,National Memorial,ARPO,Arkansas,https://www.nps.gov/arpo/index.htm,N,-91.3473,34.02073,park centerpoint
,,,"Arlington House, The Robert E. Lee Memorial",,National Memorial,ARHO,Virginia,https://www.nps.gov/arho/index.htm,N,-77.0727,38.88328,park centerpoint
,,,Assateague Island National Seashore,,National Seashore,ASIS,Maryland|Virginia,https://www.nps.gov/asis/index.htm,N,-75.2458,38.04622,park centerpoint
,,,Aztec Ruins National Monument,,National Monument,AZRU,New Mexico,https://www.nps.gov/azru/index.htm,N,-108,36.83683,park centerpoint
,,,Badlands National Park,,National Park,BADL,South Dakota,https://www.nps.gov/badl/index.htm,N,-102.394,43.83407,park centerpoint
,,,Bainbridge Island Japanese American Exclusion Memorial,,National Historic Site,BAIS,Washington,https://www.nps.gov/places/the-bainbridge-island-japanese-american-exclusion-memorial.htm,N,-122.51,47.62,park centerpoint
,,,Baltimore-Washington Parkway,,National Parkway,BAWA,Maryland,https://www.nps.gov/bawa/index.htm,N,-76.7883,39.11,park centerpoint
,,,Bandelier National Monument,,National Monument,BAND,New Mexico,https://www.nps.gov/band/index.htm,N,-106.305,35.75757,park centerpoint
,,,Belmont-Paul Women's Equality National Monument,Belmont-Paul Women's Equality National Monument (Sewall-Belmont Women's Equality NM),National Monument,BEPA,District of Columbia,https://www.nps.gov/bepa/index.htm,N,-77.0039,38.89233,park centerpoint
,,,Bent's Old Fort National Historic Site,,National Historic Site,BEOL,Colorado,https://www.nps.gov/beol/index.htm,N,-103.427,38.03978,park centerpoint
,,,Bering Land Bridge National Preserve,,National Preserve,BELA,Alaska,https://www.nps.gov/bela/index.htm,N,-164.409,65.96086,park centerpoint
,,,Big Bend National Park,,National Park,BIBE,Texas,https://www.nps.gov/bibe/index.htm,N,-103.229,29.29779,park centerpoint
,,,Big Cypress National Preserve,,National Preserve,BICY,Florida,https://www.nps.gov/bicy/index.htm,N,-81.0812,25.9713,park centerpoint
,,,Big Hole National Battlefield,,National Battlefield,BIHO,Montana,https://www.nps.gov/biho/index.htm,N,-113.646,45.64648,park centerpoint
,,,Big South Fork National River & Recreation Area,Big South Fork National River and Recreation Area,National River|National Recreation Area,BISO,Tennessee|Kentucky,https://www.nps.gov/biso/index.htm,N,-84.6639,36.53772,park centerpoint
,,,Big Thicket National Preserve,,National Preserve,BITH,Texas,https://www.nps.gov/bith/index.htm,N,-94.2316,30.34088,park centerpoint
,,,Bighorn Canyon National Recreation Area,,National Recreation Area,BICA,Montana|Wyoming,https://www.nps.gov/bica/index.htm,N,-108.026,45.2891,park centerpoint
,,,Birmingham Civil Rights National Monument,,National Monument,BICR,Alabama,https://www.nps.gov/bicr/index.htm,N,-86.8147,33.51543,park centerpoint
,,,Biscayne National Park,,National Park,BISC,Florida,https://www.nps.gov/bisc/index.htm,N,-80.2102,25.49059,park centerpoint
,,,Black Canyon Of The Gunnison National Park,Black Canyon of the Gunnison National Park,National Park,BLCA,Colorado,https://www.nps.gov/blca/index.htm,N,-107.726,38.58,park centerpoint
,,,Blackstone River Valley National Historical Park,,National Historical Park,BLRV,Rhode Island|Massachusetts,https://www.nps.gov/blrv/index.htm,N,-71.4394,41.94155,park centerpoint
,,,Blackwell School National Historic Site,,National Historic Site,BLSC,Texas,https://www.nps.gov/blsc/index.htm,N,-104.023,30.3058,park centerpoint
,,,Blue Ridge Parkway,,National Parkway,BLRI,North Carolina|Virginia,https://www.nps.gov/blri/index.htm,N,-81.0707,36.43577,park centerpoint
,,,Bluestone National Scenic River,,National River,BLUE,West Virginia,https://www.nps.gov/blue/index.htm,N,-80.9612,37.58973,park centerpoint
,,,Booker T Washington National Monument,Booker T. Washington National Monument,National Monument,BOWA,Virginia,https://www.nps.gov/bowa/index.htm,N,-79.7319,37.11482,park centerpoint
,,There aren't actually that many signs here to take pictures of ,Boston African American National Historic Site,,National Historic Site,BOAF,Massachusetts,https://www.nps.gov/boaf/index.htm,N,-71.0706,42.35791,park centerpoint
,,Each of the ferry accessible islands has a visitors center and exhibits. Ferries run through October.,Boston Harbor Islands National Recreation Area,,National Recreation Area,BOHA,Massachusetts,https://www.nps.gov/boha/index.htm,N,-70.8758,42.26,park centerpoint
,,,Boston National Historical Park,,National Historical Park,BOST,Massachusetts,https://www.nps.gov/bost/index.htm,N,-71.0557,42.37339,park centerpoint
,,,Brices Cross Roads National Battlefield Site,,National Battlefield Site,BRCR,Mississippi,https://www.nps.gov/brcr/index.htm,N,-88.7289,34.50613,park centerpoint
,,,Brown v. Board of Education National Historical Park,Brown v. Board Of Education National Historic Site,National Historical Park|National Historic Site,BRVB,Kansas,https://www.nps.gov/brvb/index.htm,N,-95.6757,39.03762,park centerpoint
,,,Bryce Canyon National Park,,National Park,BRCA,Utah,https://www.nps.gov/brca/index.htm,N,-112.183,37.584,park centerpoint
,,,Buck Island Reef National Monument,,National Monument,BUIS,Virgin Islands,https://www.nps.gov/buis/index.htm,N,-64.6222,17.81027,park centerpoint
,,,Buffalo National River,,National River,BUFF,Arkansas,https://www.nps.gov/buff/index.htm,N,-92.9181,35.96864,park centerpoint
,,,Butterfield Overland National Historic Trail,,National Historic Trail,BUOV,Arizona|California|Missouri|Oklahoma|New Mexico|Arkansas|Texas,https://www.nps.gov/buov/index.htm,N,-107.94,32.5,park centerpoint
,,,Cabrillo National Monument,,National Monument,CABR,California,https://www.nps.gov/cabr/index.htm,N,-117.242,32.67,park centerpoint
,,,California National Historic Trail,,National Monument,CALI,Wyoming|Colorado|Nebraska|California|Missouri|Oregon|Idaho|Utah|Nevada|Kansas,https://www.nps.gov/cali/index.htm,N,-111.341,42.44,park centerpoint
,,,Camp Nelson National Monument,,National Monument,CANE,Kentucky,https://www.nps.gov/cane/index.htm,N,-84.5951,37.79298,park centerpoint
,,,Canaveral National Seashore,,National Seashore,CANA,Florida,https://www.nps.gov/cana/index.htm,N,-80.7542,28.78635,park centerpoint
,,,Cane River Creole National Historical Park,,National Historical Park,CARI,Louisiana,https://www.nps.gov/cari/index.htm,N,-93.0073,31.66445,park centerpoint
,,,Canyon de Chelly National Monument,,National Monument,CACH,Arizona,https://www.nps.gov/cach/index.htm,N,-109.34,36.09406,park centerpoint
,,,Canyonlands National Park,,National Park,CANY,Utah,https://www.nps.gov/cany/index.htm,N,-109.877,38.24356,park centerpoint
,,,Cape Cod National Seashore,,National Seashore,CACO,Massachusetts,https://www.nps.gov/caco/index.htm,N,-70.0052,41.96048,park centerpoint
,,,Cape Hatteras National Seashore,,National Seashore,CAHA,North Carolina,https://www.nps.gov/caha/index.htm,N,-75.5318,35.2394,park centerpoint
,,,Cape Henry Memorial Part of Colonial National Historical Park,"Cape Henry Memorial, Part of Colonial National Historical Park",National Memorial,CAME,Virginia,https://www.nps.gov/came/index.htm,N,-76.0094,36.93,park centerpoint
,,,Cape Krusenstern National Monument,,National Monument,CAKR,Alaska,https://www.nps.gov/cakr/index.htm,N,-163.504,67.4153,park centerpoint
,,,Cape Lookout National Seashore,,National Seashore,CALO,North Carolina,https://www.nps.gov/calo/index.htm,N,-76.1901,34.95815,park centerpoint
,,This includes city parks in DC.,Capitol Hill Parks,,Other,CAHI,District of Columbia,https://www.nps.gov/cahi/index.htm,N,-77.0024,38.88,park centerpoint
,,,Capitol Reef National Park,,National Park,CARE,Utah,https://www.nps.gov/care/index.htm,N,-111.283,38.38367,park centerpoint
,,,Captain John Smith Chesapeake National Historic Trail,,National Historic Trail,CAJO,Virginia|New York|Maryland|Delaware|District of Columbia|Pennsylvania,https://www.nps.gov/cajo/index.htm,N,-76.6534,37.41219,park centerpoint
,,,Capulin Volcano National Monument,,National Monument,CAVO,New Mexico,https://www.nps.gov/cavo/index.htm,N,-103.971,36.78172,park centerpoint
,,,Carl Sandburg Home National Historic Site,,National Historic Site,CARL,North Carolina,https://www.nps.gov/carl/index.htm,N,-82.4511,35.26805,park centerpoint
,,,Carlisle Federal Indian Boarding School National Monument,,National Monument,CIBS,Pennsylvania,https://www.nps.gov/cibs/index.htm,N,-77.1751,40.20998,park centerpoint
,,,Carlsbad Caverns National Park,,National Park,CAVE,New Mexico,https://www.nps.gov/cave/index.htm,N,-104.553,32.14,park centerpoint
,,Closed until 2026 for renovations,Carter G. Woodson Home National Historic Site,,National Historic Site,CAWO,District of Columbia,https://www.nps.gov/cawo/index.htm,N,-77.0243,38.91089,park centerpoint
,,,Casa Grande Ruins National Monument,,National Monument,CAGR,Arizona,https://www.nps.gov/cagr/index.htm,N,-111.533,32.99703,park centerpoint
,,,Castillo de San Marcos National Monument,,National Monument,CASA,Florida,https://www.nps.gov/casa/index.htm,N,-81.3122,29.89786,park centerpoint
,,,Castle Clinton National Monument,,National Monument,CACL,New York,https://www.nps.gov/cacl/index.htm,N,-74.0168,40.70349,park centerpoint
,,,Castle Mountains National Monument,,National Monument,CAMO,California,https://www.nps.gov/camo/index.htm,N,-115.126,35.22834,park centerpoint
,,,Catoctin Mountain Park,,Other,CATO,Maryland,https://www.nps.gov/cato/index.htm,N,-77.4612,39.64822,park centerpoint
,,,Cedar Breaks National Monument,,National Monument,CEBR,Utah,https://www.nps.gov/cebr/index.htm,N,-112.845,37.63542,park centerpoint
,,,Cedar Creek & Belle Grove National Historical Park,Cedar Creek and Belle Grove National Historical Park,National Historical Park,CEBE,Virginia,https://www.nps.gov/cebe/index.htm,N,-78.3161,38.99239,park centerpoint
,,,Cesar Chavez National Monument,,National Monument,CECH,California,https://www.nps.gov/cech/index.htm,Y,-118.562,35.2273,park centerpoint
,,,Chaco Culture National Historical Park,,National Historical Park,CHCU,New Mexico,https://www.nps.gov/chcu/index.htm,N,-107.948,36.045,park centerpoint
,,,Chamizal National Memorial,,National Memorial,CHAM,Texas,https://www.nps.gov/cham/index.htm,N,-106.454,31.7673,park centerpoint
,,,Channel Islands National Park,,National Park,CHIS,California,https://www.nps.gov/chis/index.htm,N,-119.74,34.01658,park centerpoint
,,,Charles Pinckney National Historic Site,,National Historic Site,CHPI,South Carolina,https://www.nps.gov/chpi/index.htm,N,-79.825,32.84575,park centerpoint
,,,Charles Young Buffalo Soldiers National Monument,,National Monument,CHYO,Ohio,https://www.nps.gov/chyo/index.htm,N,-83.8947,39.70804,park centerpoint
,,,Chattahoochee River National Recreation Area,,National Recreation Area,CHAT,Georgia,https://www.nps.gov/chat/index.htm,N,-84.2667,33.97385,park centerpoint
,,,Chesapeake & Ohio Canal National Historical Park,Chesapeake and Ohio Canal National Historical Park,National Historical Park,CHOH,Maryland|District of Columbia,https://www.nps.gov/choh/index.htm,N,-77.4959,39.11789,park centerpoint
,,,Chickamauga & Chattanooga National Military Park,Chickamauga and Chattanooga National Military Park,National Military Park,CHCH,Georgia|Tennessee,https://www.nps.gov/chch/index.htm,N,-85.2541,34.91902,park centerpoint
,,,Chickasaw National Recreation Area,Chickasaw National Recreation Area (formerly Platt National Park),National Recreation Area,CHIC,Oklahoma,https://www.nps.gov/chic/index.htm,N,-97.007,34.46053,park centerpoint
,,,Chiricahua National Monument,,National Monument,CHIR,Arizona,https://www.nps.gov/chir/index.htm,N,-109.342,32.01,park centerpoint
,,,Christiansted National Historic Site,,National Historic Site,CHRI,Virgin Islands,https://www.nps.gov/chri/index.htm,N,-64.74,17.73406,park centerpoint
,,,City Of Rocks National Reserve,City of Rocks National Reserve,National Reserve,CIRO,Idaho,https://www.nps.gov/ciro/index.htm,N,-113.712,42.07021,park centerpoint
,,"Doesn't seem to have an independent vistors center, maybe agglomeration of several sites?",Civil War Defenses of Washington,,Other,CWDW,Virginia|Maryland|District of Columbia,https://www.nps.gov/cwdw/index.htm,N,-77.0292,38.96,park centerpoint
,,,Clara Barton National Historic Site,,National Historic Site,CLBA,Maryland,https://www.nps.gov/clba/index.htm,N,-77.1401,38.96764,park centerpoint
,,,Colonial National Historical Park,,National Historical Park,COLO,Virginia,https://www.nps.gov/colo/index.htm,N,-76.5317,37.23791,park centerpoint
,,,Colorado National Monument,,National Monument,COLM,Colorado,https://www.nps.gov/colm/index.htm,N,-108.692,39.05046,park centerpoint
,,,Coltsville National Historical Park,,National Historical Park,COLT,Connecticut,https://www.nps.gov/colt/index.htm,N,-72.6682,41.75,park centerpoint
,,,Congaree National Park,,National Park,CONG,South Carolina,https://www.nps.gov/cong/index.htm,N,-80.7475,33.79,park centerpoint
,,Appears to be an administrative designation for the national mall and other sites,Constitution Gardens,,Other,COGA,District of Columbia,https://www.nps.gov/coga/index.htm,N,-77.0443,38.89095,park centerpoint
,,,Coronado National Memorial,,National Memorial,CORO,Arizona,https://www.nps.gov/coro/index.htm,N,-110.256,31.34901,park centerpoint
,,,Cowpens National Battlefield,,National Battlefield,COWP,South Carolina,https://www.nps.gov/cowp/index.htm,N,-81.8094,35.13161,park centerpoint
,,,Crater Lake National Park,,National Park,CRLA,Oregon,https://www.nps.gov/crla/index.htm,N,-122.133,42.94123,park centerpoint
,,,Craters Of The Moon National Monument & Preserve,Craters Of The Moon National Monument and Preserve,National Monument|National Preserve,CRMO,Idaho,https://www.nps.gov/crmo/index.htm,N,-113.498,43.22,park centerpoint
,,,Cumberland Gap National Historical Park,,National Historical Park,CUGA,Kentucky|Tennessee|Virginia,https://www.nps.gov/cuga/index.htm,N,-83.6063,36.63112,park centerpoint
,,,Cumberland Island National Seashore,,National Seashore,CUIS,Georgia,https://www.nps.gov/cuis/index.htm,N,-81.4517,30.85727,park centerpoint
,,,Curecanti National Recreation Area,,National Recreation Area,CURE,Colorado,https://www.nps.gov/cure/index.htm,N,-107.167,38.46,park centerpoint
,,,Cuyahoga Valley National Park,,National Park,CUVA,Ohio,https://www.nps.gov/cuva/index.htm,N,-81.5691,41.26135,park centerpoint
,,,Dayton Aviation Heritage National Historical Park,,National Historical Park,DAAV,Ohio,https://www.nps.gov/daav/index.htm,N,-84.0644,39.80397,park centerpoint
,,,De Soto National Memorial,,National Memorial,DESO,Florida,https://www.nps.gov/deso/index.htm,N,-82.6434,27.52273,park centerpoint
,,,Death Valley National Park,,National Park,DEVA,California|Nevada,https://www.nps.gov/deva/index.htm,N,-117.132,36.48193,park centerpoint
,,,Delaware Water Gap National Recreation Area,,National Recreation Area,DEWA,New Jersey|Pennsylvania,https://www.nps.gov/dewa/index.htm,N,-74.9404,41.09885,park centerpoint
,,,Denali National Park & Preserve,Denali National Park & Preserve (Formely Mount McKinley National Park),National Park|National Preserve,DENA,Alaska,https://www.nps.gov/dena/index.htm,N,-151.385,63.23,park centerpoint
,,,Devils Postpile National Monument,,National Monument,DEPO,California,https://www.nps.gov/depo/index.htm,N,-119.088,37.61538,park centerpoint
,,,Devils Tower National Monument,,National Monument,DETO,Wyoming,https://www.nps.gov/deto/index.htm,N,-104.716,44.59065,park centerpoint
,,,Dinosaur National Monument,,National Monument,DINO,Colorado|Utah,https://www.nps.gov/dino/index.htm,N,-108.839,40.47914,park centerpoint
,,,Dry Tortugas National Park,Dry Tortugas National Park (formerly Fort Jefferson National Monument),National Park,DRTO,Florida,https://www.nps.gov/drto/index.htm,N,-82.8718,24.64886,park centerpoint
,,,Dwight D. Eisenhower Memorial,,National Memorial,DDEM,District of Columbia,https://www.nps.gov/ddem/index.htm,N,-77.0188,38.88714,park centerpoint
,,,Ebey's Landing National Historical Reserve,,National Reserve,EBLA,Washington,https://www.nps.gov/ebla/index.htm,N,-122.688,48.21418,park centerpoint
,,Currently closed for renovations as of 9/12,Edgar Allan Poe National Historic Site,,National Historic Site,EDAL,Pennsylvania,https://www.nps.gov/edal/index.htm,N,-75.15,39.96196,park centerpoint
,,,Effigy Mounds National Monument,,National Monument,EFMO,Iowa,https://www.nps.gov/efmo/index.htm,N,-91.2083,43.0914,park centerpoint
,,,Eisenhower National Historic Site,,National Historic Site,EISE,Pennsylvania,https://www.nps.gov/eise/index.htm,N,-77.2651,39.79578,park centerpoint
,,,El Camino Real de los Tejas National Historic Trail,,National Historic Trail,ELTE,Louisiana|Texas,https://www.nps.gov/elte/index.htm,N,-97.2906,30.11,park centerpoint
,,,El Camino Real de Tierra Adentro National Historic Trail,,National Historic Trail,ELCA,New Mexico|Texas,https://www.nps.gov/elca/index.htm,N,-106.227,35.56,park centerpoint
,,,El Malpais National Monument,,National Monument,ELMA,New Mexico,https://www.nps.gov/elma/index.htm,N,-107.891,34.91605,park centerpoint
,,,El Morro National Monument,,National Monument,ELMO,New Mexico,https://www.nps.gov/elmo/index.htm,N,-108.346,35.03896,park centerpoint
,,,Eleanor Roosevelt National Historic Site,,National Historic Site,ELRO,New York,https://www.nps.gov/elro/index.htm,N,-73.9006,41.76339,park centerpoint
,,,Ellis Island Part of Statue of Liberty National Monument,"Ellis Island, Part of Statue of Liberty National Monument",National Historic Site,ELIS,New Jersey|New York,https://www.nps.gov/elis/index.htm,N,-74.0421,40.7,park centerpoint
,,,Emmett Till and Mamie Till-Mobley National Monument (Illinois),Emmett Till and Mamie Till-Mobley National Monument,National Monument,TILL-IL,Illinois,https://www.nps.gov/till/index.htm,N,-87.6259,41.82,park centerpoint
,,,Emmett Till and Mamie Till-Mobley National Monument (Mississippi),Emmett Till and Mamie Till-Mobley National Monument,National Monument,TILL-MS,Mississippi,https://www.nps.gov/till/index.htm,N,-90.3698,33.97,park centerpoint
,,,Eugene O'Neill National Historic Site,,National Historic Site,EUON,California,https://www.nps.gov/euon/index.htm,N,-122.027,37.82605,park centerpoint
,,,Everglades National Park,,National Park,EVER,Florida,https://www.nps.gov/ever/index.htm,N,-80.882,25.38,park centerpoint
,,,Federal Hall National Memorial,,National Memorial,FEHA,New York,https://www.nps.gov/feha/index.htm,N,-74.0103,40.70732,park centerpoint
,,,Fire Island National Seashore,,National Seashore,FIIS,New York,https://www.nps.gov/fiis/index.htm,N,-72.9945,40.69221,park centerpoint
,,,First Ladies National Historic Site,,National Historic Site,FILA,Ohio,https://www.nps.gov/fila/index.htm,N,-81.3759,40.79663,park centerpoint
,,,First State National Historical Park,,National Historical Park,FRST,Delaware|Pennsylvania,https://www.nps.gov/frst/index.htm,N,-75.5636,39.83186,park centerpoint
,,,Flight 93 National Memorial,,National Memorial,FLNI,Pennsylvania,https://www.nps.gov/flni/index.htm,N,-78.8946,40.06062,park centerpoint
,,,Florissant Fossil Beds National Monument,,National Monument,FLFO,Colorado,https://www.nps.gov/flfo/index.htm,N,-105.282,38.91293,park centerpoint
,,Some parts of the site are controlled by a private group and some parts by NPS,Ford's Theatre National Historic Site,,National Historic Site,FOTH,District of Columbia,https://www.nps.gov/foth/index.htm,N,-77.0257,38.89667,park centerpoint
,,,Fort Bowie National Historic Site,,National Historic Site,FOBO,Arizona,https://www.nps.gov/fobo/index.htm,N,-109.458,32.14887,park centerpoint
,,,Fort Caroline National Memorial,,National Memorial,FOCA,Florida,https://www.nps.gov/timu/learn/historyculture/foca.htm,N,-81.5003,30.38461,park centerpoint
,,,Fort Davis National Historic Site,,National Historic Site,FODA,Texas,https://www.nps.gov/foda/index.htm,N,-103.896,30.59931,park centerpoint
,,,Fort Donelson National Battlefield,,National Battlefield,FODO,Tennessee|Kentucky,https://www.nps.gov/fodo/index.htm,N,-87.8609,36.48729,park centerpoint
,,Operates more as DC neighborhood park.,Fort Dupont Park,,Other,FODU,District of Columbia,https://www.nps.gov/fodu/index.htm,N,-76.9511,38.88,park centerpoint
,,,Fort Foote Park,,Other,FOFO,Maryland,https://www.nps.gov/fofo/index.htm,N,-77.0281,38.77,park centerpoint
,,,Fort Frederica National Monument,,National Monument,FOFR,Georgia,https://www.nps.gov/fofr/index.htm,N,-81.3899,31.22354,park centerpoint
,,,Fort Laramie National Historic Site,,National Historic Site,FOLA,Wyoming,https://www.nps.gov/fola/index.htm,N,-104.546,42.2,park centerpoint
,,,Fort Larned National Historic Site,,National Historic Site,FOLS,Kansas,https://www.nps.gov/fols/index.htm,N,-99.217,38.1845,park centerpoint
,,,Fort Matanzas National Monument,,National Monument,FOMA,Florida,https://www.nps.gov/foma/index.htm,N,-81.2387,29.71141,park centerpoint
,,,Fort McHenry National Monument and Historic Shrine,,National Monument,FOMC,Maryland,https://www.nps.gov/fomc/index.htm,N,-76.5804,39.26396,park centerpoint
,,,Fort Monroe National Monument,,National Monument,FOMR,Virginia,https://www.nps.gov/fomr/index.htm,N,-76.307,37.00421,park centerpoint
,,,Fort Necessity National Battlefield,,National Battlefield,FONE,Pennsylvania,https://www.nps.gov/fone/index.htm,N,-79.5887,39.81005,park centerpoint
,,,Fort Point National Historic Site,,National Historic Site,FOPO,California,https://www.nps.gov/fopo/index.htm,N,-122.474,37.81,park centerpoint
,,,Fort Pulaski National Monument,,National Monument,FOPU,Georgia,https://www.nps.gov/fopu/index.htm,N,-80.9436,32.03478,park centerpoint
,,,Fort Raleigh National Historic Site,,National Historic Site,FORA,North Carolina,https://www.nps.gov/fora/index.htm,N,-75.7166,35.93446,park centerpoint
,,,Fort Scott National Historic Site,,National Historic Site,FOSC,Kansas,https://www.nps.gov/fosc/index.htm,N,-94.7044,37.84362,park centerpoint
,,,Fort Smith National Historic Site,,National Historic Site,FOSM,Arkansas,https://www.nps.gov/fosm/index.htm,N,-94.4313,35.38833,park centerpoint
,,,Fort Stanwix National Monument,,National Monument,FOST,New York,https://www.nps.gov/fost/index.htm,N,-75.4556,43.21054,park centerpoint
,,,Fort Sumter and Fort Moultrie National Historical Park,Fort Sumter and Fort Moultire Historical Park (Fort Sumter National Monument),National Historical Park,FOSU,South Carolina,https://www.nps.gov/fosu/index.htm,N,-79.8795,32.75337,park centerpoint
,,,Fort Union National Monument,,National Monument,FOUN,New Mexico,https://www.nps.gov/foun/index.htm,N,-105.012,35.90738,park centerpoint
,,,Fort Union Trading Post National Historic Site,,National Historic Site,FOUS,North Dakota|Montana,https://www.nps.gov/fous/index.htm,N,-104.038,47.99899,park centerpoint
,,,Fort Vancouver National Historic Site,,National Historic Site,FOVA,Washington|Oregon,https://www.nps.gov/fova/index.htm,N,-122.662,45.62357,park centerpoint
,,,Fort Washington Park,,Other,FOWA,Maryland,https://www.nps.gov/fowa/index.htm,N,-77.0287,38.71223,park centerpoint
,,,Fossil Butte National Monument,,National Monument,FOBU,Wyoming,https://www.nps.gov/fobu/index.htm,N,-110.762,41.85636,park centerpoint
,,,Frances Perkins National Monument,,National Monument,FRPE,Maine,https://www.nps.gov/frpe/index.htm,N,-69.5527,44.00429,park centerpoint
,,,Franklin Delano Roosevelt Memorial,Franklin Delano Roosevelt National Memorial,National Memorial,FRDE,District of Columbia,https://www.nps.gov/frde/index.htm,N,-77.0431,38.88342,park centerpoint
,,,Frederick Douglass National Historic Site,,National Historic Site,FRDO,District of Columbia,https://www.nps.gov/frdo/index.htm,N,-76.9851,38.86298,park centerpoint
,,Visitors center on grounds and tours,Frederick Law Olmsted National Historic Site,,National Historic Site,FRLA,Massachusetts,https://www.nps.gov/frla/index.htm,N,-71.1321,42.32428,park centerpoint
,,,Fredericksburg & Spotsylvania National Military Park,Fredericksburg and Spotsylvania National Military Park,National Military Park,FRSP,Virginia,https://www.nps.gov/frsp/index.htm,N,-77.696,38.28444,park centerpoint
,,,Freedom Riders National Monument,,National Monument,FRRI,Alabama,https://www.nps.gov/frri/index.htm,N,-85.908,33.63496,park centerpoint
,,,Friendship Hill National Historic Site,,National Historic Site,FRHI,Pennsylvania,https://www.nps.gov/frhi/index.htm,N,-79.9253,39.77546,park centerpoint
,,,Gates Of The Arctic National Park & Preserve,Gates of the Arctic National Park & Preserve,National Park|National Preserve,GAAR,Alaska,https://www.nps.gov/gaar/index.htm,N,-153.091,67.84,park centerpoint
,,,Gateway Arch National Park,Gateway Arch National Park (formerly Jefferson National Expansion Memorial),National Park,JEFF,Missouri,https://www.nps.gov/jeff/index.htm,N,-90.1756,38.62,park centerpoint
,,,Gateway National Recreation Area,,National Recreation Area,GATE,New York|New Jersey,https://www.nps.gov/gate/index.htm,N,-73.8616,40.60268,park centerpoint
,,,Gauley River National Recreation Area,,National Recreation Area,GARI,West Virginia,https://www.nps.gov/gari/index.htm,N,-81.0048,38.20612,park centerpoint
,,,General Grant National Memorial,,National Memorial,GEGR,New York,https://www.nps.gov/gegr/index.htm,N,-73.9631,40.81344,park centerpoint
,,,George Rogers Clark National Historical Park,,National Historical Park,GERO,Indiana,https://www.nps.gov/gero/index.htm,N,-87.537,38.67841,park centerpoint
,,,George Washington Birthplace National Monument,,National Monument,GEWA,Virginia,https://www.nps.gov/gewa/index.htm,N,-76.9208,38.19364,park centerpoint
,,,George Washington Carver National Monument,,National Monument,GWCA,Missouri,https://www.nps.gov/gwca/index.htm,N,-94.3555,36.98665,park centerpoint
,,,George Washington Memorial Parkway,,National Parkway,GWMP,Virginia|Maryland|District of Columbia,https://www.nps.gov/gwmp/index.htm,N,-77.0495,38.71499,park centerpoint
,,,Gettysburg National Military Park,,National Military Park,GETT,Pennsylvania,https://www.nps.gov/gett/index.htm,N,-77.2385,39.80429,park centerpoint
,,,Gila Cliff Dwellings National Monument,,National Monument,GICL,New Mexico,https://www.nps.gov/gicl/index.htm,N,-108.272,33.22683,park centerpoint
,,,Glacier Bay National Park & Preserve,,National Park|National Preserve,GLBA,Alaska,https://www.nps.gov/glba/index.htm,N,-136.908,58.76,park centerpoint
,,,Glacier National Park,,National Park,GLAC,Montana,https://www.nps.gov/glac/index.htm,N,-113.801,48.68439,park centerpoint
,,,Glen Canyon National Recreation Area,,National Recreation Area,GLCA,Arizona|Utah,https://www.nps.gov/glca/index.htm,N,-110.802,37.39803,park centerpoint
,,,Glen Echo Park,,Other,GLEC,Maryland,https://www.nps.gov/glec/index.htm,N,-77.1386,38.97,park centerpoint
,,don't think there are many signs here.,Gloria Dei Church National Historic Site,,Affliated Area,GLDE,Pennsylvania,https://www.nps.gov/glde/index.htm,N,-75.1435,39.93,park centerpoint
,,,Golden Gate National Recreation Area,,National Recreation Area,GOGA,California,https://www.nps.gov/goga/index.htm,N,-122.551,37.85889,park centerpoint
,,,Golden Spike National Historical Park,Golden Spike National Park (Historic Site),National Historical Park,GOSP,Utah,https://www.nps.gov/gosp/index.htm,N,-112.494,41.631,park centerpoint
,,,Governors Island National Monument,,National Monument,GOIS,New York,https://www.nps.gov/gois/index.htm,N,-74.0168,40.69162,park centerpoint
,,,Grand Canyon National Park,,National Park,GRCA,Arizona,https://www.nps.gov/grca/index.htm,N,-112.185,36.18673,park centerpoint
,,,Grand Canyon-Parashant National Monument,Parashant National Monument,National Monument,PARA,Arizona,https://www.nps.gov/para/index.htm,N,-113.715,36.3,park centerpoint
,,,Grand Portage National Monument,,National Monument,GRPO,Minnesota,https://www.nps.gov/grpo/index.htm,N,-89.7607,47.99969,park centerpoint
,,,Grand Teton National Park,,National Park,GRTE,Wyoming,https://www.nps.gov/grte/index.htm,N,-110.705,43.81854,park centerpoint
,,,Grant-Kohrs Ranch National Historic Site,,National Historic Site,GRKO,Montana,https://www.nps.gov/grko/index.htm,N,-112.747,46.41376,park centerpoint
,,,Great Basin National Park,,National Park,GRBA,Nevada,https://www.nps.gov/grba/index.htm,N,-114.258,38.94618,park centerpoint
,,,Great Egg Harbor River,,National Wild and Scenic River,GREG,New Jersey,https://www.nps.gov/greg/index.htm,N,-74.6663,39.31,park centerpoint
,,,Great Falls Park,,Other,GRFA,Virginia,https://www.nps.gov/grfa/index.htm,N,-77.254,39,park centerpoint
,,,Great Sand Dunes National Park & Preserve,,National Park|National Preserve,GRSA,Colorado,https://www.nps.gov/grsa/index.htm,N,-105.589,37.8,park centerpoint
,,,Great Smoky Mountains National Park,,National Park,GRSM,Tennessee|North Carolina,https://www.nps.gov/grsm/index.htm,N,-83.5257,35.60785,park centerpoint
,,,Green Springs,Green Springs National Historic Landmark District,Other,GRSP,Virginia,https://www.nps.gov/grsp/index.htm,N,-78.1604,38.02,park centerpoint
,,,Greenbelt Park,,Other,GREE,Maryland,https://www.nps.gov/gree/index.htm,N,-76.9007,38.98,park centerpoint
,,,Guadalupe Mountains National Park,,National Park,GUMO,Texas,https://www.nps.gov/gumo/index.htm,N,-104.884,31.92339,park centerpoint
,,,Guilford Courthouse National Military Park,,National Military Park,GUCO,North Carolina,https://www.nps.gov/guco/index.htm,N,-79.8419,36.13302,park centerpoint
,,,Gulf Islands National Seashore,,National Seashore,GUIS,Florida|Mississippi,https://www.nps.gov/guis/index.htm,N,-86.91,30.37307,park centerpoint
,,,Hagerman Fossil Beds National Monument,,National Monument,HAFO,Idaho,https://www.nps.gov/hafo/index.htm,N,-114.954,42.77558,park centerpoint
,,,Haleakala National Park,,National Park,HALE,Hawai'i,https://www.nps.gov/hale/index.htm,Y,-156.149,20.70729,park centerpoint
,,,Hamilton Grange National Memorial,,National Memorial,HAGR,New York,https://www.nps.gov/hagr/index.htm,N,-73.9473,40.82136,park centerpoint
,,,Hampton National Historic Site,,National Historic Site,HAMP,Maryland,https://www.nps.gov/hamp/index.htm,N,-76.5882,39.41658,park centerpoint
,,,Harmony Hall,,Other,HAHA,Maryland,https://www.nps.gov/haha/index.htm,N,-77.0023,38.75,park centerpoint
,,,Harpers Ferry National Historical Park,,National Historical Park,HAFE,West Virginia,https://www.nps.gov/hafe/index.htm,N,-77.7422,39.31003,park centerpoint
,,,Harriet Tubman National Historical Park,,National Historical Park,HART,New York,https://www.nps.gov/hart/index.htm,N,-76.561,42.91162,park centerpoint
,,,Harriet Tubman Underground Railroad National Historical Park,,National Historical Park,HATU,Maryland,https://www.nps.gov/hatu/index.htm,N,-76.2474,38.48766,park centerpoint
,,,Harry S Truman National Historic Site,Harry S. Truman National Historic Site,National Historic Site,HSTR,Missouri,https://www.nps.gov/hstr/index.htm,N,-94.5306,38.9012,park centerpoint
,,,Hawai'i Volcanoes National Park,,National Park,HAVO,Hawai'i,https://www.nps.gov/havo/index.htm,Y,-155.212,19.33518,park centerpoint
,,,Herbert Hoover National Historic Site,,National Historic Site,HEHO,Iowa,https://www.nps.gov/heho/index.htm,N,-91.3515,41.66738,park centerpoint
,,,Historic Jamestowne Part of Colonial National Historical Park,"Historic Jamestowne, Part of Colonial National Historical Park",National Historic Site,JAME,Virginia,https://www.nps.gov/jame/index.htm,N,-76.7757,37.21,park centerpoint
,,,Home Of Franklin D Roosevelt National Historic Site,Home Of Franklin D. Roosevelt National Historic Site,National Historic Site,HOFR,New York,https://www.nps.gov/hofr/index.htm,N,-73.9267,41.76805,park centerpoint
,,,Homestead National Historical Park,Homestead National Monument of America,National Historical Park,HOME,Nebraska,https://www.nps.gov/home/index.htm,N,-96.834,40.28797,park centerpoint
,,,Honouliuli National Historic Site,Honouliuli Historic Site (National Monument),National Historic Site,HONO,Hawai'i,https://www.nps.gov/hono/index.htm,N,-158.058,21.38818,park centerpoint
,,,Hopewell Culture National Historical Park,,National Historical Park,HOCU,Ohio,https://www.nps.gov/hocu/index.htm,N,-83.1352,39.2794,park centerpoint
,,,Hopewell Furnace National Historic Site,,National Historic Site,HOFU,Pennsylvania,https://www.nps.gov/hofu/index.htm,N,-75.7681,40.20608,park centerpoint
,,,Horseshoe Bend National Military Park,,National Military Park,HOBE,Alabama,https://www.nps.gov/hobe/index.htm,N,-85.7341,32.97669,park centerpoint
,,,Hot Springs National Park,,National Park,HOSP,Arkansas,https://www.nps.gov/hosp/index.htm,N,-93.0897,34.51113,park centerpoint
,,,Hovenweep National Monument,,National Monument,HOVE,Colorado|Utah,https://www.nps.gov/hove/index.htm,N,-109.073,37.38536,park centerpoint
,,,Hubbell Trading Post National Historic Site,,National Historic Site,HUTR,Arizona,https://www.nps.gov/hutr/index.htm,N,-109.56,35.70728,park centerpoint
,,,Ice Age Floods National Geologic Trail,,Other,IAFL,Montana|Oregon|Idaho|Washington,https://www.nps.gov/iafl/index.htm,N,-119.532,46.6,park centerpoint
,,,Ice Age National Scenic Trail,,National Scenic Trail,IATR,Wisconsin,https://www.nps.gov/iatr/index.htm,N,-89.6139,43.07693,park centerpoint
,"President's House Site; 
Independence Visitor Center; 
Libery Bell Center;
Independence Square buildings subsites: Independence Hall; Great Essentials Exhibit in the West Wing; Congress Hall; Museum of the American Philosophical Society in Philosophical Hall (owned and operated by the American Philosophical Society);  
Franklin Court subsites:  Benjamin Franklin Museum; Franklin Court Courtyard; Franklin Court Printing Office
Old City Hall; 
Portrait Gallery in the Second Bank; 
Merchants' Exchange Building; 
Washington Square; 
Garden subsites:  18th Century Garden; Rose Garden; Magnolia Garden;  Benjamin Rush Garden; 
City Tavern; 
Declaration House; 
Free Quaker Meeting House; 
New Hall; 
Dolley Todd House; 
Germantown White House; 
Bishop White House",,Independence National Historical Park,,National Historical Park,INDE,Pennsylvania,https://www.nps.gov/inde/index.htm,N,-75.1494,39.95169,park centerpoint
,,,Indiana Dunes National Park,Indiana Dunes National Park (National Lakeshore),National Park,INDU,Indiana,https://www.nps.gov/indu/index.htm,N,-87.0328,41.6615,park centerpoint
,,,Inupiat Heritage Center,,Affliated Area,INUP,Alaska,https://www.nps.gov/inup/index.htm,Y,-156.754,71.3,park centerpoint
,,,Isle Royale National Park,,National Park,ISRO,Michigan,https://www.nps.gov/isro/index.htm,N,-88.8279,48.01149,park centerpoint
,,,James A Garfield National Historic Site,James A. Garfield National Historic Site,National Historic Site,JAGA,Ohio,https://www.nps.gov/jaga/index.htm,N,-81.3509,41.66487,park centerpoint
,,,Jean Lafitte National Historical Park and Preserve,,National Historical Park,JELA,Louisiana,https://www.nps.gov/jela/index.htm,N,-90.1336,29.80383,park centerpoint
,,,Jewel Cave National Monument,,National Monument,JECA,South Dakota,https://www.nps.gov/jeca/index.htm,N,-103.83,43.73104,park centerpoint
,,,Jimmy Carter National Historical Park,Jimmy Carter National Historic Site,National Historical Park,JICA,Georgia,https://www.nps.gov/jica/index.htm,N,-84.4324,32.03,park centerpoint
,,,John D Rockefeller Jr Memorial Parkway,,National Parkway,JODR,Wyoming,https://www.nps.gov/jodr/index.htm,N,-110.728,44.08872,park centerpoint
,,,John Day Fossil Beds National Monument,,National Monument,JODA,Oregon,https://www.nps.gov/joda/index.htm,N,-119.634,44.54316,park centerpoint
,,Includes visitor center and tours (self guided or ranger): https://www.nps.gov/jofi/planyourvisit/hours.htm,John Fitzgerald Kennedy National Historic Site,,National Historic Site,JOFI,Massachusetts,https://www.nps.gov/jofi/index.htm,N,-71.1232,42.34694,park centerpoint
,,,John Muir National Historic Site,,National Historic Site,JOMU,California,https://www.nps.gov/jomu/index.htm,N,-122.133,37.9818,park centerpoint
,,,Johnstown Flood National Memorial,,National Memorial,JOFL,Pennsylvania,https://www.nps.gov/jofl/index.htm,N,-78.7767,40.34492,park centerpoint
,,,Joshua Tree National Park,,National Park,JOTR,California,https://www.nps.gov/jotr/index.htm,N,-115.86,33.82719,park centerpoint
,,,Juan Bautista de Anza National Historic Trail,,National Historic Trail,JUBA,Arizona|California,https://www.nps.gov/juba/index.htm,N,-121.534,36.83,park centerpoint
,,"JA told me he has signs from there, and that ""There is very restricted access to the site, so few people will have been there.""",Kalaupapa National Historical Park,,National Historical Park,KALA,Hawai'i,https://www.nps.gov/kala/index.htm,N,-156.925,21.15465,park centerpoint
,,,Kaloko-Honokohau National Historical Park,,National Historical Park,KAHO,Hawai'i,https://www.nps.gov/kaho/index.htm,Y,-156.031,19.6809,park centerpoint
,,,Katahdin Woods and Waters National Monument,,National Monument,KAWW,Maine,https://www.nps.gov/kaww/index.htm,N,-68.7367,45.94778,park centerpoint
,,,Katmai National Park & Preserve,,National Park|National Preserve,KATM,Alaska,https://www.nps.gov/katm/index.htm,N,-154.983,58.65,park centerpoint
,,,Kenai Fjords National Park,,National Park,KEFJ,Alaska,https://www.nps.gov/kefj/index.htm,N,-149.882,59.95392,park centerpoint
,,Includes visitors center.,Kenilworth Park & Aquatic Gardens,Kenilworth Park and Aquatic Gardens,Other,KEAQ,District of Columbia,https://www.nps.gov/keaq/index.htm,N,-76.9419,38.91,park centerpoint
,,,Kennesaw Mountain National Battlefield Park,,National Battlefield Park,KEMO,Georgia,https://www.nps.gov/kemo/index.htm,N,-84.5924,33.95,park centerpoint
,,,Keweenaw National Historical Park,,National Historical Park,KEWE,Michigan,https://www.nps.gov/kewe/index.htm,N,-88.5687,47.13817,park centerpoint
,,,Kings Canyon National Park,Sequoia & Kings Canyon National Parks,National Park,KICA,California,https://www.nps.gov/seki/index.htm,N,-118.587,36.89909,park centerpoint
,,,Kings Mountain National Military Park,,National Military Park,KIMO,South Carolina,https://www.nps.gov/kimo/index.htm,N,-81.3898,35.13901,park centerpoint
,,,Klondike Gold Rush National Historical Park (Alaska),Klondike Gold Rush National Historical Park,National Historical Park,KLGO,Alaska,https://www.nps.gov/klgo/index.htm,N,-135.3,59.63,park centerpoint
,,,Klondike Gold Rush National Historical Park (Washington),Klondike Gold Rush - Seattle Unit National Historical Park,National Historical Park,KLSE,Washington,https://www.nps.gov/klse/index.htm,N,-122.332,47.6,park centerpoint
,,,Knife River Indian Villages National Historic Site,,National Historic Site,KNRI,North Dakota,https://www.nps.gov/knri/index.htm,N,-101.384,47.35301,park centerpoint
,,,Kobuk Valley National Park,,National Park,KOVA,Alaska,https://www.nps.gov/kova/index.htm,N,-159.063,67.28,park centerpoint
,,,Korean War Veterans Memorial,Korean War Veterans National Memorial,National Memorial,KOWA,District of Columbia,https://www.nps.gov/kowa/index.htm,N,-77.0481,38.88793,park centerpoint
,,,Lake Chelan National Recreation Area,,National Recreation Area,LACH,Washington,https://www.nps.gov/lach/index.htm,N,-120.684,48.35391,park centerpoint
,,,Lake Clark National Park & Preserve,,National Park|National Preserve,LACL,Alaska,https://www.nps.gov/lacl/index.htm,N,-153.598,60.54,park centerpoint
,,,Lake Mead National Recreation Area,,National Recreation Area,LAKE,Nevada|Arizona,https://www.nps.gov/lake/index.htm,N,-114.652,35.7165,park centerpoint
,,,Lake Meredith National Recreation Area,,National Recreation Area,LAMR,Texas,https://www.nps.gov/lamr/index.htm,N,-101.696,35.59594,park centerpoint
,,,Lake Roosevelt National Recreation Area,,National Recreation Area,LARO,Washington,https://www.nps.gov/laro/index.htm,N,-118.671,47.94265,park centerpoint
,,,Lassen Volcanic National Park,,National Park,LAVO,California,https://www.nps.gov/lavo/index.htm,N,-121.407,40.49383,park centerpoint
,,,Lava Beds National Monument,,National Monument,LABE,California,https://www.nps.gov/labe/index.htm,N,-121.518,41.75877,park centerpoint
,,"we had 4 signs as of 9/12, This may be all the signs here as there doesn't seem to be many",LBJ Memorial Grove on the Potomac,Lyndon Baines Johnson Memorial Grove on the Potomac,National Memorial,LYBA,District of Columbia,https://www.nps.gov/lyba/index.htm,N,-77.0515,38.87859,park centerpoint
,,,Lewis & Clark National Historic Trail,Lewis and Clark National Historic Trail,National Recreation Area,LECL,North Dakota|South Dakota|Ohio|Iowa|Kentucky|Nebraska|Missouri|Indiana|Montana|Pennsylvania|Oregon|Idaho|Washington|Illinois|West Virginia|Kansas,https://www.nps.gov/lecl/index.htm,N,-95.8325,40.66415,park centerpoint
,,,Lewis and Clark National Historical Park,,National Historical Park,LEWI,Oregon|Washington,https://www.nps.gov/lewi/index.htm,N,-124.068,46.29,park centerpoint
,,,Lincoln Boyhood National Memorial,,National Memorial,LIBO,Indiana,https://www.nps.gov/libo/index.htm,N,-86.9966,38.11818,park centerpoint
,,,Lincoln Home National Historic Site,,National Historic Site,LIHO,Illinois,https://www.nps.gov/liho/index.htm,N,-89.6451,39.79716,park centerpoint
,,,Lincoln Memorial,,National Memorial,LINC,District of Columbia,https://www.nps.gov/linc/index.htm,N,-77.0502,38.88928,park centerpoint
,,,Little Bighorn Battlefield National Monument,,National Monument,LIBI,Montana,https://www.nps.gov/libi/index.htm,N,-107.429,45.56506,park centerpoint
,,,Little River Canyon National Preserve,,National Preserve,LIRI,Alabama,https://www.nps.gov/liri/index.htm,N,-85.5972,34.45192,park centerpoint
,,,Little Rock Central High School National Historic Site,,National Historic Site,CHSC,Arkansas,https://www.nps.gov/chsc/index.htm,N,-92.2998,34.73696,park centerpoint
,,Includes museum exhibit,Longfellow House Washington's Headquarters National Historic Site,Longfellow House - Washington's Headquarters National Historic Site,National Historic Site,LONG,Massachusetts,https://www.nps.gov/long/index.htm,N,-71.1264,42.377,park centerpoint
,,,Lowell National Historical Park,,National Historical Park,LOWE,Massachusetts,https://www.nps.gov/lowe/index.htm,N,-71.3196,42.63931,park centerpoint
,,,Lower Delaware National Wild and Scenic River,Lower Delaware Wild and Scenic River,National Wild and Scenic River,LODE,New Jersey|Pennsylvania,https://www.nps.gov/lode/index.htm,N,-74.9611,40.39,park centerpoint
,,,Lower East Side Tenement Museum National Historic Site,,Affliated Area,LOEA,New York,https://www.nps.gov/loea/index.htm,N,-73.99,40.72,park centerpoint
,,,Lyndon B Johnson National Historical Park,Lyndon B. Johnson National Historical Park,National Historical Park,LYJO,Texas,https://www.nps.gov/lyjo/index.htm,N,-98.6152,30.24198,park centerpoint
,,,Maggie L Walker National Historic Site,Maggie L. Walker National Historic Site,National Historic Site,MAWA,Virginia,https://www.nps.gov/mawa/index.htm,N,-77.4368,37.54734,park centerpoint
,,"random email:  In late September, a video in the museum wouldn't play, likely about Stephen Bishop, but the rangers still talked about him and how he was enslaved",Mammoth Cave National Park,,National Park,MACA,Kentucky,https://www.nps.gov/maca/index.htm,N,-86.1296,37.20327,park centerpoint
,,,Manassas National Battlefield Park,,National Battlefield Park,MANA,Virginia,https://www.nps.gov/mana/index.htm,N,-77.5194,38.83019,park centerpoint
,,,Manhattan Project National Historical Park (New Mexico),Manhattan Project National Historical Park,National Historical Park,MAPR-NM,New Mexico,https://www.nps.gov/mapr/index.htm,N,-106.302,35.88,park centerpoint
,,,Manhattan Project National Historical Park (Tennessee),Manhattan Project National Historical Park,National Historical Park,MAPR-TN,Tennessee,https://www.nps.gov/mapr/index.htm,N,-84.3933,35.9354,park centerpoint
,,,Manhattan Project National Historical Park (Washington),Manhattan Project National Historical Park,National Historical Park,MAPR-WA,Washington,https://www.nps.gov/mapr/index.htm,N,-119.301,46.32,park centerpoint
,,,Manzanar National Historic Site,,National Historic Site,MANZ,California,https://www.nps.gov/manz/index.htm,N,-118.155,36.73,park centerpoint
,,,Marsh - Billings - Rockefeller National Historical Park,Marsh-Billings-Rockefeller National Historical Park,National Historical Park,MABI,Vermont,https://www.nps.gov/mabi/index.htm,N,-72.5382,43.63,park centerpoint
,,,"Martin Luther King, Jr. Memorial",Martin Luther King Jr National Memorial,National Memorial,MLKM,District of Columbia,https://www.nps.gov/mlkm/index.htm,N,-77.0444,38.88629,park centerpoint
,,,"Martin Luther King, Jr. National Historical Park",,National Historical Park,MALU,Georgia,https://www.nps.gov/malu/index.htm,N,-84.3717,33.75491,park centerpoint
,,,Martin Van Buren National Historic Site,,National Historic Site,MAVA,New York,https://www.nps.gov/mava/index.htm,N,-73.7153,42.36667,park centerpoint
,,,Mary McLeod Bethune Council House National Historic Site,,National Historic Site,MAMC,District of Columbia,https://www.nps.gov/mamc/index.htm,N,-77.031,38.90819,park centerpoint
,,"on October 1, heard that signs were removed 2 weeks ago and junior ranger booklet not allowed to be shared; we shared info with contacts in the area",Medgar and Myrlie Evers Home National Monument,,National Monument,MEMY,Mississippi,https://www.nps.gov/memy/index.htm,N,-90.2138,32.34084,park centerpoint
,,,Mesa Verde National Park,,National Park,MEVE,Colorado,https://www.nps.gov/meve/index.htm,N,-108.462,37.23909,park centerpoint
,,,Middle Delaware National Scenic River,,National Wild and Scenic River,MDSR,Pennsylvania,https://rivers.gov/river/delaware-middle,N,-75.0412,41.03206,park centerpoint
,,,Mill Springs Battlefield National Monument,,National Monument,MISP,Kentucky,https://www.nps.gov/misp/index.htm,N,-84.7377,37.0569,park centerpoint
,,,Minidoka National Historic Site,,National Historic Site,MIIN,Idaho,https://www.nps.gov/miin/index.htm,N,-114.247,42.68105,park centerpoint
,,Includes visitor center,Minute Man National Historical Park,,National Historical Park,MIMA,Massachusetts,https://www.nps.gov/mima/index.htm,N,-71.296,42.45341,park centerpoint
,,,Minuteman Missile National Historic Site,,National Historic Site,MIMI,South Dakota,https://www.nps.gov/mimi/index.htm,N,-101.9,43.84458,park centerpoint
,,,Mississippi National River & Recreation Area,Mississippi National River and Recreation Areas,National River|National Recreation Area,MISS,Minnesota,https://www.nps.gov/miss/index.htm,N,-92.9301,44.77225,park centerpoint
,,,Missouri National Recreational River,,National River,MNRR,Nebraska|South Dakota,https://www.nps.gov/mnrr/index.htm,N,-97.0704,42.76677,park centerpoint
,,,Mojave National Preserve,,National Preserve,MOJA,California,https://www.nps.gov/moja/index.htm,N,-115.514,35.11478,park centerpoint
,,,Monocacy National Battlefield,,National Battlefield,MONO,Maryland,https://www.nps.gov/mono/index.htm,N,-77.4025,39.35772,park centerpoint
,,,Montezuma Castle National Monument,,National Monument,MOCA,Arizona,https://www.nps.gov/moca/index.htm,N,-111.837,34.61103,park centerpoint
,,,Moores Creek National Battlefield,,National Battlefield,MOCR,North Carolina,https://www.nps.gov/mocr/index.htm,N,-78.1103,34.45821,park centerpoint
,,,Mormon Pioneer National Historic Trail,,National Historic Trail,MOPI,Wyoming|Iowa|Nebraska|Utah|Illinois,https://www.nps.gov/mopi/index.htm,N,-98.7742,40.62,park centerpoint
,,,Morristown National Historical Park,,National Historical Park,MORR,New Jersey,https://www.nps.gov/morr/index.htm,N,-74.5356,40.76453,park centerpoint
,,,Mount Rainier National Park,,National Park,MORA,Washington,https://www.nps.gov/mora/index.htm,N,-121.704,46.86,park centerpoint
,,,Mount Rushmore National Memorial,,National Memorial,MORU,South Dakota,https://www.nps.gov/moru/index.htm,N,-103.453,43.88038,park centerpoint
,,,Muir Woods National Monument,,National Monument,MUWO,California,https://www.nps.gov/muwo/index.htm,N,-122.584,37.89852,park centerpoint
,,,Natchez National Historical Park,,National Historical Park,NATC,Mississippi,https://www.nps.gov/natc/index.htm,N,-91.3824,31.54301,park centerpoint
,,,Natchez Trace National Scenic Trail,,National Scenic Trail,NATT,Mississippi|Alabama|Tennessee,https://www.nps.gov/natt/index.htm,N,-90.057,32.47,park centerpoint
,,,Natchez Trace Parkway,,National Parkway,NATR,Mississippi|Alabama|Tennessee,https://www.nps.gov/natr/index.htm,N,-88.7955,34.18642,park centerpoint
,,this is an administrative district so it might be redundant? or otherwise odd?,National Capital Parks,,Other,NCP,District of Columbia,https://www.nps.gov/nace/index.htm,N,-76.8352,39.06321,park centerpoint
,,,National Mall and Memorial Parks,,Other,NAMA,District of Columbia,https://www.nps.gov/nama/index.htm,N,-77.0228,38.88987,park centerpoint
,,,National Park of American Samoa,,National Park,NPSA,American Samoa,https://www.nps.gov/npsa/index.htm,N,-169.453,-14.24,park centerpoint
,,,National Parks of New York Harbor,,Other,NPNH,New York,https://www.nps.gov/npnh/index.htm,N,-74.0475,40.66,park centerpoint
,,,Natural Bridges National Monument,,National Monument,NABR,Utah,https://www.nps.gov/nabr/index.htm,N,-110.002,37.60454,park centerpoint
,,,Navajo National Monument,,National Monument,NAVA,Arizona,https://www.nps.gov/nava/index.htm,N,-110.536,36.6855,park centerpoint
,,,New Bedford Whaling National Historical Park,,National Historical Park,NEBE,Massachusetts,https://www.nps.gov/nebe/index.htm,N,-70.9232,41.63566,park centerpoint
,,,New England National Scenic Trail,,National Scenic Trail,NEEN,Connecticut|Massachusetts,https://www.nps.gov/neen/index.htm,N,-72.7151,42.07297,park centerpoint
,,,New Jersey Pinelands National Reserve,,Affliated Area,PINE,New Jersey,https://www.nps.gov/pine/index.htm,N,-74.6305,39.73,park centerpoint
,,,New Orleans Jazz National Historical Park,,National Historical Park,JAZZ,Louisiana,https://www.nps.gov/jazz/index.htm,N,-90.0675,29.96304,park centerpoint
,,,New Philadelphia National Historic Site,,National Historic Site,NEPH,Illinois,https://www.nps.gov/neph/index.htm,N,-90.9577,39.69623,park centerpoint
,,,New River Gorge National Park & Preserve,New River Gorge National River,National Park|National Preserve,NERI,West Virginia,https://www.nps.gov/neri/index.htm,N,-80.9266,37.76655,park centerpoint
,,,Nez Perce National Historical Park,,National Historical Park,NEPE,Idaho|Montana|Oregon|Washington,https://www.nps.gov/nepe/index.htm,N,-116.277,45.79447,park centerpoint
,,,Nicodemus National Historic Site,,National Historic Site,NICO,Kansas,https://www.nps.gov/nico/index.htm,N,-99.6178,39.39037,park centerpoint
,,,Ninety Six National Historic Site,,National Historic Site,NISI,South Carolina,https://www.nps.gov/nisi/index.htm,N,-82.0164,34.14274,park centerpoint
,,,Niobrara National Scenic River,,National River,NIOB,Nebraska,https://www.nps.gov/niob/index.htm,N,-99.632,42.73,park centerpoint
,,,Noatak National Preserve,,National Preserve,NOAT,Alaska,https://www.nps.gov/noat/index.htm,N,-159.395,68.18,park centerpoint
,,,North Cascades National Park,,National Park,NOCA,Washington,https://www.nps.gov/noca/index.htm,N,-121.346,48.8333,park centerpoint
,,,North Country National Scenic Trail,,National Scenic Trail,NOCO,Michigan|Minnesota|North Dakota|New York|Ohio|Pennsylvania|Vermont|Wisconsin,https://www.nps.gov/noco/index.htm,N,-91.8086,46.39332,park centerpoint
,,,Obed Wild & Scenic River,,National River,OBED,Tennessee,https://www.nps.gov/obed/index.htm,N,-84.8007,36.09245,park centerpoint
,,,Ocmulgee Mounds National Historical Park,Ocmulgee Mounds National Historical Park (formerly Ocmulgee National Monument),National Historical Park,OCMU,Georgia,https://www.nps.gov/ocmu/index.htm,N,-83.5902,32.82369,park centerpoint
,,,Oklahoma City National Memorial,,Affliated Area,OKCI,Oklahoma,https://www.nps.gov/okci/index.htm,N,-97.517,35.47,park centerpoint
,,,Old Spanish National Historic Trail,,National Historic Trail,OLSP,Colorado|Arizona|California|New Mexico|Utah|Nevada,https://www.nps.gov/olsp/index.htm,N,-109.749,37.49,park centerpoint
,,,Olympic National Park,,National Park,OLYM,Washington,https://www.nps.gov/olym/index.htm,N,-123.618,47.79485,park centerpoint
,,,Oregon Caves National Monument & Preserve,,National Monument|National Preserve,ORCA,Oregon,https://www.nps.gov/orca/index.htm,N,-123.402,42.1,park centerpoint
,,,Oregon National Historic Trail,,National Historic Trail,OREG,Wyoming|Nebraska|Missouri|Oregon|Idaho|Washington|Kansas,https://www.nps.gov/oreg/index.htm,N,-114.415,42.53420,park centerpoint
,,,Organ Pipe Cactus National Monument,,National Monument,ORPI,Arizona,https://www.nps.gov/orpi/index.htm,N,-112.857,32.03586,park centerpoint
,,,Overmountain Victory National Historic Trail,,National Historic Trail,OVVI,Tennessee|Virginia|South Carolina|North Carolina,https://www.nps.gov/ovvi/index.htm,N,-81.904,35.76,park centerpoint
,,,Oxon Cove Park & Oxon Hill Farm,,Other,OXHI,Maryland,https://www.nps.gov/oxhi/index.htm,N,-77.0078,38.8,park centerpoint
,,,Ozark National Scenic Riverways,,National River,OZAR,Missouri,https://www.nps.gov/ozar/index.htm,N,-91.196,37.15,park centerpoint
,,,Padre Island National Seashore,,National Seashore,PAIS,Texas,https://www.nps.gov/pais/index.htm,N,-97.3411,26.70582,park centerpoint
,,,Palo Alto Battlefield National Historical Park,,National Historical Park,PAAL,Texas,https://www.nps.gov/paal/index.htm,N,-97.4627,26.02479,park centerpoint
,,,Paterson Great Falls National Historical Park,,National Historical Park,PAGR,New Jersey,https://www.nps.gov/pagr/index.htm,N,-74.1802,40.91591,park centerpoint
,,,Pea Ridge National Military Park,,National Military Park,PERI,Arkansas,https://www.nps.gov/peri/index.htm,N,-94.034,36.45515,park centerpoint
,,,Pearl Harbor National Memorial,World War II Valor in the Pacific National Monument (formerly),National Memorial,VALR,Hawai'i,https://www.nps.gov/valr/index.htm,N,-157.939,21.36699,park centerpoint
,,,Pecos National Historical Park,,National Historical Park,PECO,New Mexico,https://www.nps.gov/peco/index.htm,N,-105.675,35.53813,park centerpoint
,,"Includes sites on Pennsylvania avenue, but doesn't have anything of it's own specifically.",Pennsylvania Avenue,Pennsylvania Avenue National Historic Site,National Historic Site,PAAV,District of Columbia,https://www.nps.gov/paav/index.htm,N,-77.0178,38.89283,park centerpoint
,,,Perry's Victory & International Peace Memorial,,National Memorial,PEVI,Ohio,https://www.nps.gov/pevi/index.htm,N,-82.8119,41.6538,park centerpoint
,,,Petersburg National Battlefield,,National Battlefield,PETE,Virginia,https://www.nps.gov/pete/index.htm,N,-77.6197,37.14172,park centerpoint
,,,Petrified Forest National Park,,National Park,PEFO,Arizona,https://www.nps.gov/pefo/index.htm,N,-109.675,34.98869,park centerpoint
,,,Petroglyph National Monument,,National Monument,PETR,New Mexico,https://www.nps.gov/petr/index.htm,N,-106.752,35.13425,park centerpoint
,,,Pictured Rocks National Lakeshore,,National Lakeshore,PIRO,Michigan,https://www.nps.gov/piro/index.htm,N,-86.3159,46.56384,park centerpoint
,,,Pinnacles National Park,,National Park,PINN,California,https://www.nps.gov/pinn/index.htm,N,-121.181,36.49024,park centerpoint
,,,Pipe Spring National Monument,,National Monument,PISP,Arizona,https://www.nps.gov/pisp/index.htm,N,-112.74,36.86283,park centerpoint
,,,Pipestone National Monument,,National Monument,PIPE,Minnesota,https://www.nps.gov/pipe/index.htm,N,-96.3245,44.01375,park centerpoint
,,,Piscataway Park,,Other,PISC,Maryland,https://www.nps.gov/pisc/index.htm,N,-77.0551,38.68389,park centerpoint
,,,Point Reyes National Seashore,,National Seashore,PORE,California,https://www.nps.gov/pore/index.htm,N,-122.88,38.05512,park centerpoint
,,,Pony Express National Historic Trail,,National Historic Trail,POEX,Wyoming|Colorado|Nebraska|California|Missouri|Utah|Nevada|Kansas,https://www.nps.gov/poex/index.htm,N,-107.305,42.44,park centerpoint
,,,Port Chicago Naval Magazine National Memorial,,National Memorial,POCH,California,https://www.nps.gov/poch/index.htm,N,-122.03,38.06,park centerpoint
,,,Potomac Heritage National Scenic Trail,,National Scenic Trail,POHE,Maryland|Pennsylvania|Virginia|District of Columbia,https://www.nps.gov/pohe/index.htm,N,-77.3841,39.06,park centerpoint
,,,Poverty Point National Monument,,National Monument,POPO,Louisiana,https://www.nps.gov/popo/index.htm,N,-91.4082,32.63519,park centerpoint
,,,President William Jefferson Clinton Birthplace Home National Historic Site,,National Historic Site,WICL,Arkansas,https://www.nps.gov/wicl/index.htm,N,-93.5964,33.66764,park centerpoint
,,,Presidio of San Francisco,,Other,PRSF,California,https://www.nps.gov/prsf/index.htm,N,-122.472,37.8,park centerpoint
,,,Prince William Forest Park,,Other,PRWI,Virginia,https://www.nps.gov/prwi/index.htm,N,-77.3869,38.58588,park centerpoint
,,,Pu'uhonua o Honaunau National Historical Park,,National Historical Park,PUHO,Hawai'i,https://www.nps.gov/puho/index.htm,Y,-155.898,19.40921,park centerpoint
,,,Pu'ukohola Heiau National Historic Site,,National Historic Site,PUHE,Hawai'i,https://www.nps.gov/puhe/index.htm,Y,-155.821,20.02772,park centerpoint
,,,Pullman National Historical Park,Pullman National Monument,National Historical Park,PULL,Illinois,https://www.nps.gov/pull/index.htm,N,-87.6049,41.70468,park centerpoint
,,,Rainbow Bridge National Monument,,National Monument,RABR,Utah,https://www.nps.gov/rabr/index.htm,N,-110.966,37.07789,park centerpoint
,,,Reconstruction Era National Historical Park,Reconstruction Era Historical Park (National Monument),National Historical Park,REER,South Carolina,https://www.nps.gov/reer/index.htm,N,-80.5781,32.38829,park centerpoint
,,Jenny thinks state parks in this unit should be included bc they are jointly managed as one unit,Redwood National and State Parks,,National Park,REDW,California,https://www.nps.gov/redw/index.htm,N,-124.004,41.28,park centerpoint
,,,Richmond National Battlefield Park,,National Battlefield Park,RICH,Virginia,https://www.nps.gov/rich/index.htm,N,-77.282,37.5781,park centerpoint
,,,Rio Grande Wild & Scenic River,Rio Grande Wild and Scenic River,National River,RIGR,Texas,https://www.nps.gov/rigr/index.htm,N,-102.533,29.75776,park centerpoint
,,,River Raisin National Battlefield Park,,National Battlefield Park,RIRA,Michigan,https://www.nps.gov/rira/index.htm,N,-83.3762,41.91297,park centerpoint
,,includes visitors centers,Rock Creek Park,,Other,ROCR,District of Columbia,https://www.nps.gov/rocr/index.htm,N,-77.0461,38.96303,park centerpoint
,,,Rocky Mountain National Park,,National Park,ROMO,Colorado,https://www.nps.gov/romo/index.htm,N,-105.698,40.35589,park centerpoint
,,,Roger Williams National Memorial,,National Memorial,ROWI,Rhode Island,https://www.nps.gov/rowi/index.htm,N,-71.4106,41.8299,park centerpoint
,,,Roosevelt Campobello International Park,,Affliated Area,ROCA,Maine,https://www.nps.gov/roca/index.htm,N,-66.9591,44.88,park centerpoint
,,,Rosie the Riveter WWII Home Front National Historical Park,Rosie the Riveter/World War II Home Front National Historical Park,National Historical Park,RORI,California,https://www.nps.gov/rori/index.htm,N,-122.367,37.90867,park centerpoint
,,,Ross Lake National Recreation Area,,National Recreation Area,ROLA,Washington,https://www.nps.gov/rola/index.htm,N,-121.173,48.7059,park centerpoint
,,,Russell Cave National Monument,,National Monument,RUCA,Alabama,https://www.nps.gov/ruca/index.htm,N,-85.819,34.97121,park centerpoint
,,,Sagamore Hill National Historic Site,,National Historic Site,SAHI,New York,https://www.nps.gov/sahi/index.htm,N,-73.4967,40.88558,park centerpoint
,,,Saguaro National Park,,National Park,SAGU,Arizona,https://www.nps.gov/sagu/index.htm,N,-110.608,32.17826,park centerpoint
,,,Saint Croix Island International Historic Site,,National Historic Site,SACR,Maine,https://www.nps.gov/sacr/index.htm,N,-67.1336,45.1286,park centerpoint
,,,Saint Croix National Scenic Riverway,,National River,SACN,Wisconsin|Minnesota,https://www.nps.gov/sacn/index.htm,N,-91.5785,45.98022,park centerpoint
,,,Saint Paul's Church National Historic Site,,National Historic Site,SAPA,New York,https://www.nps.gov/sapa/index.htm,N,-73.8258,40.89284,park centerpoint
,,,Saint-Gaudens National Historical Park,Saint-Gaudens National Historical Park (Historic Site),National Historical Park,SAGA,New Hampshire,https://www.nps.gov/saga/index.htm,N,-72.374,43.50048,park centerpoint
,,Number of different buildings: https://www.nps.gov/sama/planyourvisit/placestogo.htm,Salem Maritime National Historic Site,,National Historic Site,SAMA,Massachusetts,https://www.nps.gov/sama/index.htm,N,-70.8868,42.51961,park centerpoint
,,,Salinas Pueblo Missions National Monument,,National Monument,SAPU,New Mexico,https://www.nps.gov/sapu/index.htm,N,-106.09,34.25943,park centerpoint
,,,Salt River Bay National Historical Park and Ecological Preserve,,National Historical Park,SARI,Virgin Islands,https://www.nps.gov/sari/index.htm,N,-64.7552,17.77909,park centerpoint
,,,San Antonio Missions National Historical Park,,National Historical Park,SAAN,Texas,https://www.nps.gov/saan/index.htm,N,-98.4547,29.33273,park centerpoint
,,,San Francisco Maritime National Historical Park,,National Historical Park,SAFR,California,https://www.nps.gov/safr/index.htm,N,-122.424,37.81007,park centerpoint
,,,San Juan Island National Historical Park,,National Historical Park,SAJH,Washington,https://www.nps.gov/sajh/index.htm,N,-123.005,48.46216,park centerpoint
,,,San Juan National Historic Site,,National Historic Site,SAJU,Puerto Rico,https://www.nps.gov/saju/index.htm,N,-66.1114,18.46748,park centerpoint
,,,Sand Creek Massacre National Historic Site,,National Historic Site,SAND,Colorado,https://www.nps.gov/sand/index.htm,N,-102.517,38.56415,park centerpoint
,,,Santa Fe National Historic Trail,SantaFe National Historic Trail,National Historic Trail,SAFE,Colorado|Missouri|Oklahoma|New Mexico|Kansas,https://www.nps.gov/safe/index.htm,N,-100.609,37.73562,park centerpoint
,,,Santa Monica Mountains National Recreation Area,,National Recreation Area,SAMO,California,https://www.nps.gov/samo/index.htm,N,-118.72,34.08379,park centerpoint
,,,Saratoga National Historical Park,,National Historical Park,SARA,New York,https://www.nps.gov/sara/index.htm,N,-73.6314,42.99523,park centerpoint
,,,Saugus Iron Works National Historic Site,,National Historic Site,SAIR,Massachusetts,https://www.nps.gov/sair/index.htm,N,-71.0076,42.4683,park centerpoint
,,,Scotts Bluff National Monument,,National Monument,SCBL,Nebraska,https://www.nps.gov/scbl/index.htm,N,-103.707,41.83477,park centerpoint
,,,Selma To Montgomery National Historic Trail,Selma to Montgomery National Historic Trail,National Historic Trail,SEMO,Alabama,https://www.nps.gov/semo/index.htm,N,-86.7282,32.27083,park centerpoint
,,,Sequoia National Park,Sequoia & Kings Canyon National Parks,National Park,SEQU,California,https://www.nps.gov/seki/index.htm,N,-118.575,36.51,park centerpoint
,,,Shenandoah National Park,,National Park,SHEN,Virginia,https://www.nps.gov/shen/index.htm,N,-78.3274,38.60142,park centerpoint
,,,Shiloh National Military Park,,National Military Park,SHIL,Tennessee|Mississippi,https://www.nps.gov/shil/index.htm,N,-88.3401,35.13577,park centerpoint
,,,Sitka National Historical Park,,National Historical Park,SITK,Alaska,https://www.nps.gov/sitk/index.htm,N,-135.316,57.04714,park centerpoint
,,,Sleeping Bear Dunes National Lakeshore,,National Lakeshore,SLBE,Michigan,https://www.nps.gov/slbe/index.htm,N,-86.015,45.11154,park centerpoint
,,,Springfield 1908 Race Riot National Monument,,National Monument,SPRA,Illinois,https://www.nps.gov/spra/index.htm,N,-89.6413,39.8044,park centerpoint
,,,Springfield Armory National Historic Site,,National Historic Site,SPAR,Massachusetts,https://www.nps.gov/spar/index.htm,N,-72.5811,42.10831,park centerpoint
,,,Star-Spangled Banner National Historic Trail,,National Historic Trail,STSP,Virginia|Maryland|District of Columbia,https://www.nps.gov/stsp/index.htm,N,-76.5786,39.27,park centerpoint
,,,Statue Of Liberty National Monument,Statue of Liberty National Monument,National Monument,STLI,New York|New Jersey,https://www.nps.gov/stli/index.htm,N,-74.0411,40.69833,park centerpoint
,,,Ste. Genevieve National Historical Park,,National Historical Park,STGE,Missouri,https://www.nps.gov/stge/index.htm,Y,-90.0414,37.97354,park centerpoint
,,,Steamtown National Historic Site,,National Historic Site,STEA,Pennsylvania,https://www.nps.gov/stea/index.htm,N,-75.6702,41.40661,park centerpoint
,,,Stones River National Battlefield,,National Battlefield,STRI,Tennessee,https://www.nps.gov/stri/index.htm,N,-86.4342,35.87325,park centerpoint
,,,Stonewall National Monument,,National Monument,STON,New York,https://www.nps.gov/ston/index.htm,N,-74.001,40.7334,park centerpoint
,,,Sunset Crater Volcano National Monument,,National Monument,SUCR,Arizona,https://www.nps.gov/sucr/index.htm,N,-111.511,35.37097,park centerpoint
,,,Tallgrass Prairie National Preserve,,National Preserve,TAPR,Kansas,https://www.nps.gov/tapr/index.htm,N,-96.5738,38.45135,park centerpoint
,,"Includes exhibits, only open saturday and sunday, 12-4.",Thaddeus Kosciuszko National Memorial,,National Memorial,THKO,Pennsylvania,https://www.nps.gov/thko/index.htm,N,-75.1473,39.94,park centerpoint
,,Includes white house visitors center - encourage pictures of this? People may not realize this is an NPS visitors center.,The White House and President's Park,President's Park (White House),Other,WHHO,District of Columbia,https://www.nps.gov/whho/index.htm,N,-77.0366,38.89705,park centerpoint
,,,Theodore Roosevelt Birthplace National Historic Site,,National Historic Site,THRB,New York,https://www.nps.gov/thrb/index.htm,N,-73.989,40.74,park centerpoint
,,,Theodore Roosevelt Inaugural National Historic Site,,National Historic Site,THRI,New York,https://www.nps.gov/thri/index.htm,N,-78.8725,42.90148,park centerpoint
,,"as of 9/12, we had 8 photos: Don't seem to be a ton of signs",Theodore Roosevelt Island,,National Monument,THIS,District of Columbia,https://www.nps.gov/this/index.htm,N,-77.0624,38.89585,park centerpoint
,,,Theodore Roosevelt National Park,,National Park,THRO,North Dakota,https://www.nps.gov/thro/index.htm,N,-103.459,46.95363,park centerpoint
,,,Thomas Cole National Historic Site,,Affliated Area,THCO,New York,https://www.nps.gov/thco/index.htm,N,-73.8615,42.23,park centerpoint
,,,Thomas Edison National Historical Park,,National Historical Park,EDIS,New Jersey,https://www.nps.gov/edis/index.htm,N,-74.2398,40.78598,park centerpoint
,,,Thomas Jefferson Memorial,,National Memorial,THJE,District of Columbia,https://www.nps.gov/thje/index.htm,N,-77.0363,38.88102,park centerpoint
,,,Thomas Stone National Historic Site,,National Historic Site,THST,Maryland,https://www.nps.gov/thst/index.htm,N,-77.0378,38.52935,park centerpoint
,,,Timpanogos Cave National Monument,,National Monument,TICA,Utah,https://www.nps.gov/tica/index.htm,N,-111.709,40.4404,park centerpoint
,,,Timucuan Ecological & Historic Preserve,,National Preserve,TIMU,Florida,https://www.nps.gov/timu/index.htm,N,-81.4697,30.47,park centerpoint
,,,Tonto National Monument,,National Monument,TONT,Arizona,https://www.nps.gov/tont/index.htm,N,-111.114,33.64843,park centerpoint
,,,Touro Synagogue National Historic Site,,Affliated Area,TOSY,Rhode Island,https://www.nps.gov/tosy/index.htm,N,-71.3119,41.49,park centerpoint
,,,Trail Of Tears National Historic Trail,Trail of Tears National Historic Trail,National Historic Trail,TRTE,Tennessee|Alabama|Kentucky|Missouri|Georgia|Oklahoma|Arkansas|Illinois|North Carolina,https://www.nps.gov/trte/index.htm,N,-93.3425,37.14,park centerpoint
,,,Tule Lake National Monument,,National Monument,TULE,California,https://www.nps.gov/tule/index.htm,N,-121.375,41.88661,park centerpoint
,,,Tule Springs Fossil Beds National Monument,,National Monument,TUSK,Nevada,https://www.nps.gov/tusk/index.htm,N,-115.352,36.40505,park centerpoint
,,,Tumacacori National Historical Park,,National Historical Park,TUMA,Arizona,https://www.nps.gov/tuma/index.htm,Y,-111.048,31.57284,park centerpoint
,,,Tupelo National Battlefield,,National Battlefield,TUPE,Mississippi,https://www.nps.gov/tupe/index.htm,N,-88.7371,34.26,park centerpoint
,,,Tuskegee Airmen National Historic Site,,National Historic Site,TUAI,Alabama,https://www.nps.gov/tuai/index.htm,N,-85.6798,32.45539,park centerpoint
,,,Tuskegee Institute National Historic Site,,National Historic Site,TUIN,Alabama,https://www.nps.gov/tuin/index.htm,N,-85.7044,32.4296,park centerpoint
,,,Tuzigoot National Monument,,National Monument,TUZI,Arizona,https://www.nps.gov/tuzi/index.htm,N,-112.028,34.77297,park centerpoint
,,,Ulysses S Grant National Historic Site,Ulysses S. Grant National Historic Site,National Historic Site,ULSG,Missouri,https://www.nps.gov/ulsg/index.htm,N,-90.3517,38.55,park centerpoint
,,,Upper Delaware Scenic & Recreational River,Upper Delaware Scenic and Recreational River,National River,UPDE,Pennsylvania,https://www.nps.gov/upde/index.htm,N,-75.0097,41.51697,park centerpoint
,,,Valles Caldera National Preserve,,National Preserve,VALL,New Mexico,https://www.nps.gov/vall/index.htm,N,-106.52,35.91683,park centerpoint
,,,Valley Forge National Historical Park,,National Historical Park,VAFO,Pennsylvania,https://www.nps.gov/vafo/index.htm,N,-75.4446,40.09891,park centerpoint
,,,Vanderbilt Mansion National Historic Site,,National Historic Site,VAMA,New York,https://www.nps.gov/vama/index.htm,N,-73.9419,41.79662,park centerpoint
,,,Vicksburg National Military Park,,National Military Park,VICK,Mississippi|Louisiana,https://www.nps.gov/vick/index.htm,N,-90.863,32.37491,park centerpoint
,,,Vietnam Veterans Memorial,,National Memorial,VIVE,District of Columbia,https://www.nps.gov/vive/index.htm,N,-77.0477,38.89097,park centerpoint
,,,Virgin Islands Coral Reef National Monument,,National Monument,VICR,Virgin Islands,https://www.nps.gov/vicr/index.htm,N,-64.7079,18.27352,park centerpoint
,,,Virgin Islands National Park,,National Park,VIIS,Virgin Islands,https://www.nps.gov/viis/index.htm,N,-64.7419,18.3428,park centerpoint
,,,Voyageurs National Park,,National Park,VOYA,Minnesota,https://www.nps.gov/voya/index.htm,N,-92.8375,48.48352,park centerpoint
,,,Waco Mammoth National Monument,,National Monument,WACO,Texas,https://www.nps.gov/waco/index.htm,N,-97.1761,31.60466,park centerpoint
,,,Walnut Canyon National Monument,,National Monument,WACA,Arizona,https://www.nps.gov/waca/index.htm,N,-111.495,35.16,park centerpoint
,,,War In The Pacific National Historical Park,War in the Pacific National Historical Park,National Historical Park,WAPA,Guam,https://www.nps.gov/wapa/index.htm,N,144.6922,13.44,park centerpoint
,,,Washington Monument,,National Memorial,WAMO,District of Columbia,https://www.nps.gov/wamo/index.htm,N,-77.0355,38.88866,park centerpoint
,,,Washington-Rochambeau Revolutionary Route National Historic Trail,,National Historic Trail,WARO,Virginia|New York|Massachusetts|Maryland|Connecticut|Delaware|New Jersey|District of Columbia|Pennsylvania|Rhode Island,https://www.nps.gov/waro/index.htm,N,-71.4058,41.83,park centerpoint
,,,Washita Battlefield National Historic Site,,National Historic Site,WABA,Oklahoma,https://www.nps.gov/waba/index.htm,N,-99.7045,35.62085,park centerpoint
,,,Weir Farm National Historical Park,Weir Farm National Historic Site,National Historical Park,WEFA,Connecticut,https://www.nps.gov/wefa/index.htm,N,-73.4565,41.25676,park centerpoint
,,,Whiskeytown National Recreation Area,Whiskeytown-Shasta-Trinity National Recreation Area,National Recreation Area,WHIS,California,https://www.nps.gov/whis/index.htm,N,-122.602,40.6136,park centerpoint
,,,White Sands National Park,White Sands National Park (formerly White Sands National Monument),National Park,WHSA,New Mexico,https://www.nps.gov/whsa/index.htm,N,-106.329,32.77866,park centerpoint
,,,Whitman Mission National Historic Site,,National Historic Site,WHMI,Washington,https://www.nps.gov/whmi/index.htm,N,-118.466,46.04266,park centerpoint
,,,William Howard Taft National Historic Site,,National Historic Site,WIHO,Ohio,https://www.nps.gov/wiho/index.htm,N,-84.5076,39.11971,park centerpoint
,,,Wilson's Creek National Battlefield,,National Battlefield,WICR,Missouri,https://www.nps.gov/wicr/index.htm,N,-93.4097,37.09961,park centerpoint
,,,Wind Cave National Park,,National Park,WICA,South Dakota,https://www.nps.gov/wica/index.htm,N,-103.439,43.58015,park centerpoint
,,,Wing Luke Museum Affiliated Area,Wing Luke Museum of the Asian Pacific American Experience,Affliated Area,WING,Washington,https://www.nps.gov/wing/index.htm,N,-122.323,47.6,park centerpoint
,,,Wolf Trap National Park for the Performing Arts,Wolf Trap National Park for the Performing Arts (formerly Wolf Trap Farm Park),Other,WOTR,Virginia,https://www.nps.gov/wotr/index.htm,N,-77.2636,38.93794,park centerpoint
,,,Women's Rights National Historical Park,,National Historical Park,WORI,New York,https://www.nps.gov/wori/index.htm,N,-76.8445,42.90263,park centerpoint
,,,World War I Memorial,,National Memorial,WWIM,District of Columbia,https://www.nps.gov/wwim/index.htm,N,-77.0329,38.89594,park centerpoint
,,,World War II Memorial,World War II Memorial National Memorial,National Memorial,WWII,District of Columbia,https://www.nps.gov/wwii/index.htm,N,-77.0404,38.88925,park centerpoint
,,,Wrangell - St Elias National Park & Preserve,Wrangell - St. Elias National Park & Preserve,National Park|National Preserve,WRST,Alaska,https://www.nps.gov/wrst/index.htm,N,-142.424,61.52,park centerpoint
,,,Wright Brothers National Memorial,,National Memorial,WRBR,North Carolina,https://www.nps.gov/wrbr/index.htm,N,-75.6702,36.01622,park centerpoint
,,,Wupatki National Monument,,National Monument,WUPA,Arizona,https://www.nps.gov/wupa/index.htm,N,-111.404,35.56119,park centerpoint
,,,Yellowstone National Park,,National Park,YELL,Wyoming|Idaho|Montana,https://www.nps.gov/yell/index.htm,N,-110.547,44.59825,park centerpoint
,,,Yorktown Battlefield Part of Colonial National Historical Park,"Yorktown Battlefield, Part of Colonial National Historical Park",National Battlefield,YONB,Virginia,https://www.nps.gov/yonb/index.htm,N,-76.5021,37.23,park centerpoint
,,,Yosemite National Park,,National Park,YOSE,California,https://www.nps.gov/yose/index.htm,N,-119.557,37.849,park centerpoint
,,,Yucca House National Monument,,National Monument,YUHO,Colorado,https://www.nps.gov/yuho/index.htm,N,-108.682,37.24308,park centerpoint
,,,Yukon - Charley Rivers National Preserve,Yukon-Charley Rivers National Preserve,National Preserve,YUCH,Alaska,https://www.nps.gov/yuch/index.htm,N,-142.796,65.09356,park centerpoint
,,,Zion National Park,,National Park,ZION,Utah,https://www.nps.gov/zion/index.htm,N,-113.027,37.2984,park centerpoint